,Harbor,Date,isKorean,Full_10,Empty_10,Full_20,Empty_20,Full_40,Empty_40,Full_other,Empty_other,R/T
0,Busan,2018-01-01,TRUE,165,273,61282,15753,59612,13995,147,67,3862353
1,Busan,2018-01-01,FALSE,161,133,338680,74981,441504,83605,2879,705,26086071
2,Busan,2018-02-01,TRUE,131,180,58404,14942,55317,12530,89,18,3507757
3,Busan,2018-02-01,FALSE,197,130,329184,71048,440318,84009,3022,913,26385908
4,Busan,2018-03-01,TRUE,90,176,62388,14732,59900,13404,94,116,3782328
5,Busan,2018-03-01,FALSE,204,134,355450,80106,450244,93773,2532,1354,26572388
6,Busan,2018-04-01,TRUE,131,204,66243,14437,61622,11674,125,10,4109306
7,Busan,2018-04-01,FALSE,141,147,361540,77301,469015,89080,2948,1345,31151393
8,Busan,2018-05-01,TRUE,125,182,66458,15140,58188,12612,115,54,5128855
9,Busan,2018-05-01,FALSE,151,140,389741,86389,500755,91605,3155,1404,37559167
10,Busan,2018-06-01,TRUE,148,157,58856,13713,53416,10361,90,14,3957189
11,Busan,2018-06-01,FALSE,153,121,378249,83184,490795,86979,3275,1378,34346356
12,Busan,2018-07-01,TRUE,176,147,60239,13940,54485,10882,71,27,5735576
13,Busan,2018-07-01,FALSE,128,104,381354,76074,502827,84521,3564,1555,36387222
14,Busan,2018-08-01,TRUE,138,170,53772,13816,50348,10167,74,56,3786443
15,Busan,2018-08-01,FALSE,150,117,360503,77696,484544,79751,3569,1399,33768386
16,Busan,2018-09-01,TRUE,142,165,59576,13931,53484,11175,69,20,3728661
17,Busan,2018-09-01,FALSE,172,100,372905,75334,508958,83273,3788,1561,34893782
18,Busan,2018-10-01,TRUE,145,215,65158,13986,59537,12139,96,33,5272235
19,Busan,2018-10-01,FALSE,167,123,358153,74957,491942,80235,3397,1268,32659150
20,Busan,2018-11-01,TRUE,151,217,63127,16229,60556,11980,77,45,4839617
21,Busan,2018-11-01,FALSE,204,156,378908,80222,518509,98382,3830,1758,33675765
22,Busan,2018-12-01,TRUE,155,215,61488,15494,59325,12821,61,74,4054917
23,Busan,2018-12-01,FALSE,186,145,363717,70627,486339,90499,3551,832,34380616
24,Busan,2019-01-01,TRUE,142,192,58094,12170,54385,12004,36,43,3511809
25,Busan,2019-01-01,FALSE,173,166,352269,75112,484691,100691,3459,790,31050368
26,Busan,2019-02-01,TRUE,86,89,50475,13177,50629,11277,64,23,3496708
27,Busan,2019-02-01,FALSE,209,124,315991,66218,445082,95434,3092,1518,29803840
28,Busan,2019-03-01,TRUE,79,21,62966,14419,60030,11594,78,32,4179755
29,Busan,2019-03-01,FALSE,233,316,373490,79049,499643,102499,2882,1035,32741464
30,Busan,2019-04-01,TRUE,138,198,56623,14126,55334,11548,52,62,3950013
31,Busan,2019-04-01,FALSE,182,251,357968,79031,499749,106031,2988,827,31290380
32,Busan,2019-05-01,TRUE,124,193,56194,13770,53858,11832,26,42,3812975
33,Busan,2019-05-01,FALSE,150,148,373232,84559,521736,102278,3667,692,33621098
34,Busan,2019-06-01,TRUE,149,156,56387,13616,54149,11616,22,35,3909681
35,Busan,2019-06-01,FALSE,136,121,370178,75989,507570,87713,3541,628,36422385
36,Busan,2019-07-01,TRUE,166,191,59637,14931,61155,11954,188,87,4329648
37,Busan,2019-07-01,FALSE,152,126,360793,81258,508953,101314,3346,1175,35916315
38,Busan,2019-08-01,TRUE,122,141,56746,13811,54968,12634,107,129,4626833
39,Busan,2019-08-01,FALSE,148,184,352695,81783,496015,93682,3403,1418,37047736
40,Busan,2019-09-01,TRUE,103,129,56114,14313,54180,11148,118,36,3753716
41,Busan,2019-09-01,FALSE,144,132,323577,66538,458051,92822,2978,1885,32331723
42,Busan,2019-10-01,TRUE,126,209,59355,14882,59149,10923,89,74,3925239
43,Busan,2019-10-01,FALSE,189,204,349124,75302,514641,100819,3333,2144,33667069
44,Busan,2019-11-01,TRUE,123,208,63423,15681,63578,12762,143,86,4308047
45,Busan,2019-11-01,FALSE,162,193,337895,75629,483450,100879,2972,1350,31097812
46,Busan,2019-12-01,TRUE,145,220,61909,15782,63221,13515,108,61,4813734
47,Busan,2019-12-01,FALSE,184,191,349948,70099,500576,101937,3150,1293,33732755
48,Busan,2020-01-01,TRUE,153,198,51971,13415,52448,12083,111,27,3410524
49,Busan,2020-01-01,FALSE,147,132,326809,66420,488331,106915,3878,1564,30829337
50,Busan,2020-02-01,TRUE,135,191,48324,13865,45734,9984,68,50,3030669
51,Busan,2020-02-01,FALSE,173,173,314693,78082,458696,115885,3002,1693,29267956
52,Busan,2020-03-01,TRUE,105,55,58504,12140,56534,11337,34,21,3557594
53,Busan,2020-03-01,FALSE,214,77,390001,87197,522702,113577,3118,1415,30563471
54,Busan,2020-04-01,TRUE,109,21,51513,12854,51098,11663,73,39,3172526
55,Busan,2020-04-01,FALSE,148,56,352282,77331,476778,117473,2535,1642,27450517
56,Busan,2020-05-01,TRUE,121,21,50196,13203,51433,11652,84,65,3138288
57,Busan,2020-05-01,FALSE,122,20,322935,71637,450536,101938,2474,944,25868528
58,Incheon,2018-01-01,TRUE,1153,0,9567,1881,9797,3934,105,83,628256
59,Incheon,2018-01-01,FALSE,3,8,45068,17358,52387,20161,106,52,3192575
60,Incheon,2018-02-01,TRUE,905,0,6394,1607,6935,3090,7,0,420764
61,Incheon,2018-02-01,FALSE,0,0,39762,13362,47616,19198,152,162,2832645
62,Incheon,2018-03-01,TRUE,1071,0,7724,1520,8658,2800,0,7,522371
63,Incheon,2018-03-01,FALSE,0,0,46586,16733,51489,23120,259,212,3133988
64,Incheon,2018-04-01,TRUE,1177,0,7330,1633,8821,2983,1,13,534486
65,Incheon,2018-04-01,FALSE,12,10,51255,18920,58712,22677,334,274,4137778
66,Incheon,2018-05-01,TRUE,1203,32,8466,1167,9690,3096,1,8,710598
67,Incheon,2018-05-01,FALSE,3,4,52582,18387,59522,23676,299,317,4066706
68,Incheon,2018-06-01,TRUE,1546,0,9188,1549,9819,2642,0,0,659077
69,Incheon,2018-06-01,FALSE,7,6,49828,18518,60946,23471,256,242,3967312
70,Incheon,2018-07-01,TRUE,1781,0,8917,1449,9396,3163,0,0,586389
71,Incheon,2018-07-01,FALSE,14,10,49915,17590,57356,22189,300,251,3676194
72,Incheon,2018-08-01,TRUE,1656,0,6970,1200,8008,2109,4,0,507404
73,Incheon,2018-08-01,FALSE,8,10,47693,16761,55614,19751,224,217,3559641
74,Incheon,2018-09-01,TRUE,1425,0,8039,1733,9037,3083,2,0,777886
75,Incheon,2018-09-01,FALSE,5,8,46948,17471,57983,21031,293,255,3850423
76,Incheon,2018-10-01,TRUE,1266,69,8559,1525,9897,3076,2,6,598711
77,Incheon,2018-10-01,FALSE,6,4,51175,18285,61318,22254,400,325,3845986
78,Incheon,2018-11-01,TRUE,851,357,7303,1766,9166,2632,2,1,573080
79,Incheon,2018-11-01,FALSE,5,4,52734,20249,61438,23414,356,385,4304220
80,Incheon,2018-12-01,TRUE,1242,44,8457,1527,9655,3167,1,0,625652
81,Incheon,2018-12-01,FALSE,0,2,50163,17802,61237,22697,394,348,4017115
82,Incheon,2019-01-01,TRUE,1274,0,7355,2147,8078,3795,0,2,502498
83,Incheon,2019-01-01,FALSE,8,4,48631,18045,59640,22557,377,291,3764673
84,Incheon,2019-02-01,TRUE,1000,0,5907,1871,6982,2810,2,0,401173
85,Incheon,2019-02-01,FALSE,0,4,33232,13068,41759,15923,109,114,2518788
86,Incheon,2019-03-01,TRUE,996,0,8768,1413,9485,3503,2,0,764135
87,Incheon,2019-03-01,FALSE,1,2,48039,15141,57000,19403,354,330,3867267
88,Incheon,2019-04-01,TRUE,1022,0,9260,1839,10433,4130,1,19,799246
89,Incheon,2019-04-01,FALSE,8,2,49882,18364,59628,22081,432,388,4548288
90,Incheon,2019-05-01,TRUE,1181,0,8143,1799,9211,4773,6,6,572810
91,Incheon,2019-05-01,FALSE,7,13,49520,17192,58654,22718,379,403,3964443
92,Incheon,2019-06-01,TRUE,1081,0,7309,1192,8972,3192,0,1,573695
93,Incheon,2019-06-01,FALSE,0,0,48681,18289,58071,23680,320,335,3685069
94,Incheon,2019-07-01,TRUE,1068,161,7510,1401,8064,3649,6,10,582246
95,Incheon,2019-07-01,FALSE,2,2,49589,19710,55306,25175,385,320,3871393
96,Incheon,2019-08-01,TRUE,1119,79,6047,1533,8009,3331,3,0,478524
97,Incheon,2019-08-01,FALSE,2,0,49285,16687,54316,21053,262,314,3951817
98,Incheon,2019-09-01,TRUE,961,13,5437,1901,6874,2689,6,0,444313
99,Incheon,2019-09-01,FALSE,2,2,48728,17998,57108,22541,403,299,4018688
100,Incheon,2019-10-01,TRUE,1034,0,5260,1302,7295,2481,2,0,492486
101,Incheon,2019-10-01,FALSE,7,6,51252,16246,61844,21652,408,391,4404087
102,Incheon,2019-11-01,TRUE,999,0,6169,2017,7975,2848,2,0,696001
103,Incheon,2019-11-01,FALSE,3,4,51165,17665,62525,21734,412,469,4238759
104,Incheon,2019-12-01,TRUE,877,227,7328,2385,9676,3069,3,20,603887
105,Incheon,2019-12-01,FALSE,5,6,50701,16018,60348,23013,422,364,4663713
106,Incheon,2020-01-01,TRUE,1120,303,5457,1750,8351,3751,12,0,465802
107,Incheon,2020-01-01,FALSE,2,2,48032,18751,58019,23973,282,284,4248703
108,Incheon,2020-02-01,TRUE,1396,0,4371,1972,5253,2226,3,0,403856
109,Incheon,2020-02-01,FALSE,1,0,34122,12463,37660,17845,55,94,2307640
110,Incheon,2020-03-01,TRUE,1320,0,5750,1729,7267,2228,2,25,586522
111,Incheon,2020-03-01,FALSE,1,2,52646,15720,59631,17643,363,278,3622200
112,Incheon,2020-04-01,TRUE,1522,0,5156,1634,6724,2896,5,0,415190
113,Incheon,2020-04-01,FALSE,2,0,52134,20648,62828,24808,403,382,3863231
114,Incheon,2020-05-01,TRUE,1511,79,5790,2366,8108,5783,3,0,483346
115,Incheon,2020-05-01,FALSE,3,4,49173,19006,61307,25686,440,559,3741383
116,"Pyeongtaek, Dangjin",2018-01-01,TRUE,0,0,2423,511,1910,172,0,0,133354
117,"Pyeongtaek, Dangjin",2018-01-01,FALSE,0,0,11544,8862,8851,3464,0,3,640784
118,"Pyeongtaek, Dangjin",2018-02-01,TRUE,0,0,1736,644,1717,264,0,0,106690
119,"Pyeongtaek, Dangjin",2018-02-01,FALSE,0,0,6898,5683,6952,2557,0,20,448356
120,"Pyeongtaek, Dangjin",2018-03-01,TRUE,0,0,1898,517,1812,298,0,0,116134
121,"Pyeongtaek, Dangjin",2018-03-01,FALSE,0,0,11108,6693,9110,4149,0,0,647259
122,"Pyeongtaek, Dangjin",2018-04-01,TRUE,0,0,2274,915,2108,149,0,0,147436
123,"Pyeongtaek, Dangjin",2018-04-01,FALSE,0,0,13443,9895,9725,4724,0,4,753974
124,"Pyeongtaek, Dangjin",2018-05-01,TRUE,0,0,2546,946,2609,214,0,0,162996
125,"Pyeongtaek, Dangjin",2018-05-01,FALSE,0,0,13606,9795,9953,4416,0,0,1096487
126,"Pyeongtaek, Dangjin",2018-06-01,TRUE,0,0,3168,1394,2349,163,0,0,170927
127,"Pyeongtaek, Dangjin",2018-06-01,FALSE,0,0,12001,8842,9002,3697,0,0,766729
128,"Pyeongtaek, Dangjin",2018-07-01,TRUE,0,0,3291,1645,2991,442,0,0,198046
129,"Pyeongtaek, Dangjin",2018-07-01,FALSE,0,0,12861,9420,10143,4149,0,0,727282
130,"Pyeongtaek, Dangjin",2018-08-01,TRUE,0,0,3020,1547,2449,459,0,0,170793
131,"Pyeongtaek, Dangjin",2018-08-01,FALSE,0,0,10720,7818,8771,3094,0,0,653476
132,"Pyeongtaek, Dangjin",2018-09-01,TRUE,0,0,3977,2956,3655,533,0,0,246721
133,"Pyeongtaek, Dangjin",2018-09-01,FALSE,0,0,11136,7952,10033,5003,0,0,673981
134,"Pyeongtaek, Dangjin",2018-10-01,TRUE,0,0,3393,2591,2907,414,0,0,211049
135,"Pyeongtaek, Dangjin",2018-10-01,FALSE,0,0,11856,8425,10611,4080,0,0,715373
136,"Pyeongtaek, Dangjin",2018-11-01,TRUE,0,0,3763,2842,2949,739,0,0,215474
137,"Pyeongtaek, Dangjin",2018-11-01,FALSE,0,0,13047,9525,10935,4532,0,0,753812
138,"Pyeongtaek, Dangjin",2018-12-01,TRUE,0,0,3933,2168,3113,778,0,0,218349
139,"Pyeongtaek, Dangjin",2018-12-01,FALSE,0,0,11353,7981,10064,4406,0,0,712141
140,"Pyeongtaek, Dangjin",2019-01-01,TRUE,0,0,3453,1782,3325,612,0,0,218876
141,"Pyeongtaek, Dangjin",2019-01-01,FALSE,0,0,11119,8046,9764,4561,0,0,659416
142,"Pyeongtaek, Dangjin",2019-02-01,TRUE,0,0,2442,1245,2229,212,0,0,146163
143,"Pyeongtaek, Dangjin",2019-02-01,FALSE,0,0,4831,3497,6012,3397,0,5,350976
144,"Pyeongtaek, Dangjin",2019-03-01,TRUE,0,0,4040,1919,3779,626,0,0,476834
145,"Pyeongtaek, Dangjin",2019-03-01,FALSE,0,0,12282,7401,9588,4414,0,0,676357
146,"Pyeongtaek, Dangjin",2019-04-01,TRUE,0,0,4318,1677,3529,307,0,0,269726
147,"Pyeongtaek, Dangjin",2019-04-01,FALSE,0,0,12580,9287,10251,4421,0,1,871616
148,"Pyeongtaek, Dangjin",2019-05-01,TRUE,0,0,4371,2945,3790,488,0,0,263838
149,"Pyeongtaek, Dangjin",2019-05-01,FALSE,0,0,10425,7966,9462,4797,0,0,731051
150,"Pyeongtaek, Dangjin",2019-06-01,TRUE,0,0,3858,1942,3382,629,0,0,231522
151,"Pyeongtaek, Dangjin",2019-06-01,FALSE,0,0,11126,8963,8872,4973,0,0,663766
152,"Pyeongtaek, Dangjin",2019-07-01,TRUE,0,0,3482,1702,3800,960,0,0,249639
153,"Pyeongtaek, Dangjin",2019-07-01,FALSE,0,0,12169,9499,9720,5147,0,0,689607
154,"Pyeongtaek, Dangjin",2019-08-01,TRUE,0,0,3193,1767,3167,820,0,0,205544
155,"Pyeongtaek, Dangjin",2019-08-01,FALSE,0,0,10537,7621,8743,4564,0,0,608167
156,"Pyeongtaek, Dangjin",2019-09-01,TRUE,0,0,3070,1333,3025,805,0,0,200573
157,"Pyeongtaek, Dangjin",2019-09-01,FALSE,0,0,10540,6610,9461,3956,0,8,638352
158,"Pyeongtaek, Dangjin",2019-10-01,TRUE,0,0,2450,1934,2599,683,0,0,165351
159,"Pyeongtaek, Dangjin",2019-10-01,FALSE,0,0,12548,8154,12214,5209,0,5,811155
160,"Pyeongtaek, Dangjin",2019-11-01,TRUE,0,0,2609,1564,2197,1322,0,0,156264
161,"Pyeongtaek, Dangjin",2019-11-01,FALSE,0,0,12499,8953,11690,4096,0,0,780793
162,"Pyeongtaek, Dangjin",2019-12-01,TRUE,0,0,2915,1780,2789,573,0,0,191911
163,"Pyeongtaek, Dangjin",2019-12-01,FALSE,0,0,13021,8901,11614,4745,0,0,795473
164,"Pyeongtaek, Dangjin",2020-01-01,TRUE,0,0,2442,1019,2608,1223,0,0,169773
165,"Pyeongtaek, Dangjin",2020-01-01,FALSE,0,0,10283,7437,10624,3915,0,0,687213
166,"Pyeongtaek, Dangjin",2020-02-01,TRUE,0,0,1360,1244,1012,552,0,0,69536
167,"Pyeongtaek, Dangjin",2020-02-01,FALSE,0,0,5528,4363,6930,3052,0,0,401021
168,"Pyeongtaek, Dangjin",2020-03-01,TRUE,0,0,3229,1626,2485,1543,0,0,179628
169,"Pyeongtaek, Dangjin",2020-03-01,FALSE,0,0,12296,7860,11401,4379,0,0,766226
170,"Pyeongtaek, Dangjin",2020-04-01,TRUE,0,0,3800,2235,3082,1598,0,0,222773
171,"Pyeongtaek, Dangjin",2020-04-01,FALSE,0,0,13950,8895,11712,4025,0,0,831922
172,"Pyeongtaek, Dangjin",2020-05-01,TRUE,0,0,3005,1784,2500,905,0,0,177240
173,"Pyeongtaek, Dangjin",2020-05-01,FALSE,0,0,12676,7617,13282,3971,0,0,883092
174,Gyeongin Port,2018-01-01,TRUE,0,0,0,0,0,0,0,0,0
175,Gyeongin Port,2018-01-01,FALSE,0,0,687,403,361,58,0,0,30646
176,Gyeongin Port,2018-02-01,TRUE,0,0,0,0,0,0,0,0,0
177,Gyeongin Port,2018-02-01,FALSE,0,0,359,534,203,31,0,0,15826
178,Gyeongin Port,2018-03-01,TRUE,0,0,0,0,0,0,0,0,0
179,Gyeongin Port,2018-03-01,FALSE,0,0,537,328,190,9,0,0,18904
180,Gyeongin Port,2018-04-01,TRUE,0,0,0,0,0,0,0,0,0
181,Gyeongin Port,2018-04-01,FALSE,0,0,613,473,238,54,0,0,23443
182,Gyeongin Port,2018-05-01,TRUE,0,0,0,0,0,0,0,0,0
183,Gyeongin Port,2018-05-01,FALSE,0,0,786,564,352,110,0,0,31662
184,Gyeongin Port,2018-06-01,TRUE,0,0,0,0,0,0,0,0,0
185,Gyeongin Port,2018-06-01,FALSE,0,0,643,497,283,85,0,0,25726
186,Gyeongin Port,2018-07-01,TRUE,0,0,0,0,0,0,0,0,0
187,Gyeongin Port,2018-07-01,FALSE,0,0,608,527,401,87,0,0,30229
188,Gyeongin Port,2018-08-01,TRUE,0,0,0,0,0,0,0,0,0
189,Gyeongin Port,2018-08-01,FALSE,0,0,522,534,335,54,0,0,24868
190,Gyeongin Port,2018-09-01,TRUE,0,0,0,0,0,0,0,0,0
191,Gyeongin Port,2018-09-01,FALSE,0,0,504,500,364,32,0,0,25224
192,Gyeongin Port,2018-10-01,TRUE,0,0,0,0,0,0,0,0,0
193,Gyeongin Port,2018-10-01,FALSE,0,0,497,517,341,8,0,0,24463
194,Gyeongin Port,2018-11-01,TRUE,0,0,0,0,0,0,0,0,0
195,Gyeongin Port,2018-11-01,FALSE,0,0,571,462,283,6,0,0,23126
196,Gyeongin Port,2018-12-01,TRUE,0,0,0,0,0,0,0,0,0
197,Gyeongin Port,2018-12-01,FALSE,0,0,650,496,333,40,0,0,27833
198,Gyeongin Port,2019-01-01,TRUE,0,0,0,0,0,0,0,0,0
199,Gyeongin Port,2019-01-01,FALSE,0,0,517,519,624,219,0,0,39251
200,Gyeongin Port,2019-02-01,TRUE,0,0,0,0,0,0,0,0,0
201,Gyeongin Port,2019-02-01,FALSE,0,0,318,292,305,394,0,0,20639
202,Gyeongin Port,2019-03-01,TRUE,0,0,0,0,0,0,0,0,0
203,Gyeongin Port,2019-03-01,FALSE,0,0,568,405,274,193,0,0,22970
204,Gyeongin Port,2019-04-01,TRUE,0,0,0,0,0,0,0,0,0
205,Gyeongin Port,2019-04-01,FALSE,0,0,569,276,358,171,0,0,25741
206,Gyeongin Port,2019-05-01,TRUE,0,0,0,0,0,0,0,0,0
207,Gyeongin Port,2019-05-01,FALSE,0,0,527,711,440,212,0,0,30080
208,Gyeongin Port,2019-06-01,TRUE,0,0,0,0,0,0,0,0,0
209,Gyeongin Port,2019-06-01,FALSE,0,0,506,543,338,219,0,0,25248
210,Gyeongin Port,2019-07-01,TRUE,0,0,0,0,0,0,0,0,0
211,Gyeongin Port,2019-07-01,FALSE,0,0,722,459,410,166,0,0,147435
212,Gyeongin Port,2019-08-01,TRUE,0,0,0,0,0,0,0,0,0
213,Gyeongin Port,2019-08-01,FALSE,0,0,595,533,478,228,0,0,33034
214,Gyeongin Port,2019-09-01,TRUE,0,0,0,0,0,0,0,0,0
215,Gyeongin Port,2019-09-01,FALSE,0,0,533,480,425,96,0,0,30655
216,Gyeongin Port,2019-10-01,TRUE,0,0,0,0,0,0,0,0,0
217,Gyeongin Port,2019-10-01,FALSE,0,0,645,432,452,104,0,0,33928
218,Gyeongin Port,2019-11-01,TRUE,0,0,0,0,0,0,0,0,0
219,Gyeongin Port,2019-11-01,FALSE,0,0,432,652,347,116,0,0,23952
220,Gyeongin Port,2019-12-01,TRUE,0,0,0,0,0,0,0,0,0
221,Gyeongin Port,2019-12-01,FALSE,0,0,799,585,542,244,0,0,40992
222,Gyeongin Port,2020-01-01,TRUE,0,0,0,0,0,0,0,0,0
223,Gyeongin Port,2020-01-01,FALSE,0,0,452,463,445,231,0,0,30006
224,Gyeongin Port,2020-02-01,TRUE,0,0,0,0,0,0,0,0,0
225,Gyeongin Port,2020-02-01,FALSE,0,0,255,486,239,133,0,0,15465
226,Gyeongin Port,2020-03-01,TRUE,0,0,0,0,0,0,0,0,0
227,Gyeongin Port,2020-03-01,FALSE,0,0,333,452,216,34,0,0,16349
228,Gyeongin Port,2020-04-01,TRUE,0,0,0,0,0,0,0,0,0
229,Gyeongin Port,2020-04-01,FALSE,0,0,648,567,450,37,0,0,33833
230,Gyeongin Port,2020-05-01,TRUE,0,0,0,0,0,0,0,0,0
231,Gyeongin Port,2020-05-01,FALSE,0,0,734,545,436,94,0,0,34625
232,"East Sea, Mukho",2018-01-01,TRUE,0,0,0,0,0,0,0,0,0
233,"East Sea, Mukho",2018-01-01,FALSE,0,0,6,14,13,14,0,0,674
234,"East Sea, Mukho",2018-02-01,TRUE,0,0,0,0,0,0,0,0,0
235,"East Sea, Mukho",2018-02-01,FALSE,0,0,15,9,18,21,0,0,1038
236,"East Sea, Mukho",2018-03-01,TRUE,0,0,0,0,0,0,0,0,0
237,"East Sea, Mukho",2018-03-01,FALSE,0,0,33,40,41,23,0,0,2252
238,"East Sea, Mukho",2018-04-01,TRUE,0,0,0,0,0,0,0,0,0
239,"East Sea, Mukho",2018-04-01,FALSE,0,0,51,41,36,24,0,0,2391
240,"East Sea, Mukho",2018-05-01,TRUE,0,0,0,0,0,0,0,0,0
241,"East Sea, Mukho",2018-05-01,FALSE,0,0,35,27,20,19,0,0,1425
242,"East Sea, Mukho",2018-06-01,TRUE,0,0,0,0,0,0,0,0,0
243,"East Sea, Mukho",2018-06-01,FALSE,0,0,27,22,40,23,0,0,2062
244,"East Sea, Mukho",2018-07-01,TRUE,0,0,0,0,0,0,0,0,0
245,"East Sea, Mukho",2018-07-01,FALSE,0,0,26,18,46,40,0,0,2253
246,"East Sea, Mukho",2018-08-01,TRUE,0,0,0,0,0,0,0,0,0
247,"East Sea, Mukho",2018-08-01,FALSE,0,0,24,21,21,21,0,0,1407
248,"East Sea, Mukho",2018-09-01,TRUE,0,0,0,0,0,0,0,0,0
249,"East Sea, Mukho",2018-09-01,FALSE,0,0,32,29,35,37,0,0,1984
250,"East Sea, Mukho",2018-10-01,TRUE,0,0,0,0,0,0,0,0,0
251,"East Sea, Mukho",2018-10-01,FALSE,0,0,32,21,20,24,0,0,1497
252,"East Sea, Mukho",2018-11-01,TRUE,0,0,0,0,0,0,0,0,0
253,"East Sea, Mukho",2018-11-01,FALSE,0,0,25,25,43,40,0,0,2223
254,"East Sea, Mukho",2018-12-01,TRUE,0,0,0,0,0,0,0,0,0
255,"East Sea, Mukho",2018-12-01,FALSE,0,0,23,20,22,31,0,0,1368
256,"East Sea, Mukho",2019-01-01,TRUE,0,0,0,0,0,0,0,0,0
257,"East Sea, Mukho",2019-01-01,FALSE,0,0,20,15,24,23,0,0,1321
258,"East Sea, Mukho",2019-02-01,TRUE,0,0,0,0,0,0,0,0,0
259,"East Sea, Mukho",2019-02-01,FALSE,0,0,9,15,13,16,0,0,745
260,"East Sea, Mukho",2019-03-01,TRUE,0,0,0,0,0,0,0,0,0
261,"East Sea, Mukho",2019-03-01,FALSE,0,0,27,22,25,23,0,0,1586
262,"East Sea, Mukho",2019-04-01,TRUE,0,0,0,0,0,0,0,0,0
263,"East Sea, Mukho",2019-04-01,FALSE,0,0,27,30,39,30,0,0,2030
264,"East Sea, Mukho",2019-05-01,TRUE,0,0,0,0,0,0,0,0,0
265,"East Sea, Mukho",2019-05-01,FALSE,0,0,30,30,22,20,0,0,1470
266,"East Sea, Mukho",2019-06-01,TRUE,0,0,0,0,0,0,0,0,0
267,"East Sea, Mukho",2019-06-01,FALSE,1,0,32,24,65,33,0,0,3077
268,"East Sea, Mukho",2019-07-01,TRUE,0,0,0,0,0,0,0,0,0
269,"East Sea, Mukho",2019-07-01,FALSE,2,0,26,23,41,37,0,0,2123
270,"East Sea, Mukho",2019-08-01,TRUE,0,0,0,0,0,0,0,0,0
271,"East Sea, Mukho",2019-08-01,FALSE,0,1,20,17,32,27,0,0,1655
272,"East Sea, Mukho",2019-09-01,TRUE,0,0,0,0,0,0,0,0,0
273,"East Sea, Mukho",2019-09-01,FALSE,0,0,24,27,22,25,0,0,1255
274,"East Sea, Mukho",2019-10-01,TRUE,0,0,0,0,0,0,0,0,0
275,"East Sea, Mukho",2019-10-01,FALSE,0,0,52,35,35,22,0,0,2470
276,"East Sea, Mukho",2019-11-01,TRUE,0,0,0,0,0,0,0,0,0
277,"East Sea, Mukho",2019-11-01,FALSE,0,0,27,35,35,36,0,0,1848
278,"East Sea, Mukho",2019-12-01,TRUE,0,0,0,0,0,0,0,0,0
279,"East Sea, Mukho",2019-12-01,FALSE,0,0,0,0,0,0,0,0,0
280,"East Sea, Mukho",2020-01-01,TRUE,0,0,0,0,0,0,0,0,0
281,"East Sea, Mukho",2020-01-01,FALSE,0,0,0,0,0,0,0,0,0
282,"East Sea, Mukho",2020-02-01,TRUE,0,0,0,0,0,0,0,0,0
283,"East Sea, Mukho",2020-02-01,FALSE,0,0,0,0,0,0,0,0,0
284,"East Sea, Mukho",2020-03-01,TRUE,0,0,0,0,0,0,0,0,0
285,"East Sea, Mukho",2020-03-01,FALSE,0,0,0,0,0,0,0,0,0
286,"East Sea, Mukho",2020-04-01,TRUE,0,0,0,0,0,0,0,0,0
287,"East Sea, Mukho",2020-04-01,FALSE,0,0,0,0,0,0,0,0,0
288,"East Sea, Mukho",2020-05-01,TRUE,0,0,0,0,0,0,0,0,0
289,"East Sea, Mukho",2020-05-01,FALSE,0,0,0,0,0,0,0,0,0
290,Daesan,2018-01-01,TRUE,0,0,290,0,105,80,0,0,10057
291,Daesan,2018-01-01,FALSE,0,0,2781,729,1245,1000,0,0,105122
292,Daesan,2018-02-01,TRUE,0,0,296,106,74,85,0,0,9053
293,Daesan,2018-02-01,FALSE,0,0,2725,547,838,630,0,0,90260
294,Daesan,2018-03-01,TRUE,0,0,255,70,142,154,0,0,10213
295,Daesan,2018-03-01,FALSE,0,0,3250,1012,939,642,0,0,104138
296,Daesan,2018-04-01,TRUE,0,0,213,30,60,160,0,0,6693
297,Daesan,2018-04-01,FALSE,0,0,3151,181,1204,765,0,0,115459
298,Daesan,2018-05-01,TRUE,0,0,1175,80,167,135,0,0,31671
299,Daesan,2018-05-01,FALSE,0,0,3322,290,1058,455,0,0,107362
300,Daesan,2018-06-01,TRUE,0,0,1232,50,224,73,0,0,34601
301,Daesan,2018-06-01,FALSE,0,0,1581,515,553,475,0,0,54050
302,Daesan,2018-07-01,TRUE,0,0,968,0,187,75,0,0,28150
303,Daesan,2018-07-01,FALSE,0,0,2672,427,1028,796,0,0,92830
304,Daesan,2018-08-01,TRUE,0,0,850,40,17,39,0,0,20070
305,Daesan,2018-08-01,FALSE,0,0,2955,397,883,526,0,0,96826
306,Daesan,2018-09-01,TRUE,0,0,643,0,5,25,0,0,15259
307,Daesan,2018-09-01,FALSE,0,0,2445,347,804,485,0,0,83278
308,Daesan,2018-10-01,TRUE,0,0,856,67,74,29,0,0,21112
309,Daesan,2018-10-01,FALSE,0,0,3634,606,1016,682,0,0,430971
310,Daesan,2018-11-01,TRUE,0,0,1560,60,129,30,0,0,38581
311,Daesan,2018-11-01,FALSE,0,0,2500,112,834,470,0,0,81820
312,Daesan,2018-12-01,TRUE,0,0,739,1,132,52,0,0,20614
313,Daesan,2018-12-01,FALSE,0,0,2275,170,954,770,0,0,82545
314,Daesan,2019-01-01,TRUE,0,0,516,0,104,15,0,0,14751
315,Daesan,2019-01-01,FALSE,0,0,2097,318,769,509,0,0,72765
316,Daesan,2019-02-01,TRUE,0,0,936,180,93,58,0,0,25928
317,Daesan,2019-02-01,FALSE,0,0,1279,350,746,626,0,0,52942
318,Daesan,2019-03-01,TRUE,0,0,866,0,43,150,0,0,22596
319,Daesan,2019-03-01,FALSE,0,0,2022,375,858,625,0,0,74697
320,Daesan,2019-04-01,TRUE,0,0,1198,0,59,0,0,0,27421
321,Daesan,2019-04-01,FALSE,0,0,2052,20,719,485,0,0,70154
322,Daesan,2019-05-01,TRUE,0,0,377,20,0,230,0,0,9251
323,Daesan,2019-05-01,FALSE,0,0,1737,421,909,626,0,0,69765
324,Daesan,2019-06-01,TRUE,0,0,362,350,7,0,0,0,9280
325,Daesan,2019-06-01,FALSE,0,0,1466,706,873,775,0,0,62601
326,Daesan,2019-07-01,TRUE,0,0,173,162,14,10,0,0,4199
327,Daesan,2019-07-01,FALSE,0,0,1883,244,1014,961,0,0,76072
328,Daesan,2019-08-01,TRUE,0,0,1027,200,36,78,0,0,23914
329,Daesan,2019-08-01,FALSE,0,0,1568,212,851,652,0,0,63419
330,Daesan,2019-09-01,TRUE,0,0,763,50,78,40,0,0,19992
331,Daesan,2019-09-01,FALSE,0,0,1749,679,803,601,0,0,67352
332,Daesan,2019-10-01,TRUE,0,0,798,0,24,22,0,0,18013
333,Daesan,2019-10-01,FALSE,0,0,1584,311,786,431,0,0,62105
334,Daesan,2019-11-01,TRUE,0,0,0,0,0,0,0,0,0
335,Daesan,2019-11-01,FALSE,0,0,1426,863,1189,1327,0,0,70334
336,Daesan,2019-12-01,TRUE,0,0,62,40,54,30,0,0,3193
337,Daesan,2019-12-01,FALSE,0,0,1418,574,1013,925,0,0,65525
338,Daesan,2020-01-01,TRUE,0,0,170,150,43,190,0,0,5318
339,Daesan,2020-01-01,FALSE,0,0,1434,1042,971,975,0,0,87545
340,Daesan,2020-02-01,TRUE,0,0,275,110,244,90,0,0,13987
341,Daesan,2020-02-01,FALSE,0,0,1106,913,734,703,0,0,111715
342,Daesan,2020-03-01,TRUE,0,0,258,183,97,40,0,0,9015
343,Daesan,2020-03-01,FALSE,0,0,1439,996,1333,841,0,0,74837
344,Daesan,2020-04-01,TRUE,0,0,505,109,310,180,0,0,20264
345,Daesan,2020-04-01,FALSE,0,0,1683,829,1145,1553,0,0,73760
346,Daesan,2020-05-01,TRUE,0,0,552,190,354,309,0,0,22354
347,Daesan,2020-05-01,FALSE,0,0,1776,770,1964,2177,0,0,103730
348,Gunsan,2018-01-01,TRUE,0,0,505,357,1046,361,0,0,58028
349,Gunsan,2018-01-01,FALSE,0,0,934,873,445,273,0,0,42841
350,Gunsan,2018-02-01,TRUE,0,0,201,317,729,256,0,0,37920
351,Gunsan,2018-02-01,FALSE,0,0,617,548,445,181,0,0,36016
352,Gunsan,2018-03-01,TRUE,0,0,641,270,1029,366,0,0,59061
353,Gunsan,2018-03-01,FALSE,0,0,858,779,659,236,0,0,52357
354,Gunsan,2018-04-01,TRUE,0,0,514,175,1162,345,0,0,64123
355,Gunsan,2018-04-01,FALSE,0,0,677,724,432,318,0,0,34006
356,Gunsan,2018-05-01,TRUE,0,0,777,234,1235,301,0,0,67573
357,Gunsan,2018-05-01,FALSE,0,0,1016,656,308,173,0,0,36774
358,Gunsan,2018-06-01,TRUE,0,0,596,404,1080,303,0,0,57047
359,Gunsan,2018-06-01,FALSE,0,0,492,487,216,45,0,0,20323
360,Gunsan,2018-07-01,TRUE,0,0,610,346,1242,394,0,0,65674
361,Gunsan,2018-07-01,FALSE,0,0,749,601,183,100,0,0,24026
362,Gunsan,2018-08-01,TRUE,0,0,745,488,1202,471,0,0,69329
363,Gunsan,2018-08-01,FALSE,0,0,638,387,120,53,0,0,19634
364,Gunsan,2018-09-01,TRUE,0,0,823,504,1621,769,0,0,91090
365,Gunsan,2018-09-01,FALSE,0,0,493,458,149,44,0,0,17731
366,Gunsan,2018-10-01,TRUE,0,0,823,600,1623,903,0,0,91715
367,Gunsan,2018-10-01,FALSE,0,0,1046,487,161,27,0,0,29618
368,Gunsan,2018-11-01,TRUE,0,0,548,358,1480,682,0,0,77544
369,Gunsan,2018-11-01,FALSE,0,0,780,628,218,66,0,0,26508
370,Gunsan,2018-12-01,TRUE,0,0,512,380,1406,772,0,0,72501
371,Gunsan,2018-12-01,FALSE,0,0,726,970,206,87,0,0,24572
372,Gunsan,2019-01-01,TRUE,0,0,510,479,1302,642,0,0,67707
373,Gunsan,2019-01-01,FALSE,0,0,1016,446,149,47,0,0,28412
374,Gunsan,2019-02-01,TRUE,0,0,446,81,739,190,0,0,57335
375,Gunsan,2019-02-01,FALSE,0,0,806,430,161,58,0,0,24446
376,Gunsan,2019-03-01,TRUE,0,0,782,292,1310,675,0,0,76209
377,Gunsan,2019-03-01,FALSE,0,0,813,531,368,29,0,0,35105
378,Gunsan,2019-04-01,TRUE,0,0,690,308,1317,571,0,0,74187
379,Gunsan,2019-04-01,FALSE,0,0,1030,501,303,51,0,0,36852
380,Gunsan,2019-05-01,TRUE,0,0,746,363,1183,560,0,0,68599
381,Gunsan,2019-05-01,FALSE,0,0,726,633,269,75,0,0,27792
382,Gunsan,2019-06-01,TRUE,0,0,780,567,1019,527,0,0,62046
383,Gunsan,2019-06-01,FALSE,0,0,768,385,274,6,0,0,29539
384,Gunsan,2019-07-01,TRUE,0,0,517,393,1031,514,0,0,56252
385,Gunsan,2019-07-01,FALSE,0,0,545,547,421,140,0,0,30782
386,Gunsan,2019-08-01,TRUE,0,0,645,337,1156,581,0,0,66962
387,Gunsan,2019-08-01,FALSE,0,0,445,530,243,169,0,0,20588
388,Gunsan,2019-09-01,TRUE,0,0,510,254,1418,868,0,0,78194
389,Gunsan,2019-09-01,FALSE,0,0,521,302,213,105,0,0,21002
390,Gunsan,2019-10-01,TRUE,0,0,599,239,1769,1069,0,0,97212
391,Gunsan,2019-10-01,FALSE,0,0,484,245,255,51,0,0,23916
392,Gunsan,2019-11-01,TRUE,0,0,658,277,1718,982,0,0,97038
393,Gunsan,2019-11-01,FALSE,0,0,343,337,248,13,0,0,20961
394,Gunsan,2019-12-01,TRUE,0,0,779,318,1842,1033,0,0,103120
395,Gunsan,2019-12-01,FALSE,0,0,283,267,197,44,0,0,34153
396,Gunsan,2020-01-01,TRUE,0,0,507,328,1212,799,0,0,138431
397,Gunsan,2020-01-01,FALSE,0,0,447,164,150,45,0,0,16829
398,Gunsan,2020-02-01,TRUE,0,0,419,81,601,174,0,0,34455
399,Gunsan,2020-02-01,FALSE,0,0,420,267,110,3,0,0,14830
400,Gunsan,2020-03-01,TRUE,0,0,667,374,1281,599,0,0,72411
401,Gunsan,2020-03-01,FALSE,0,0,459,366,224,23,0,0,21571
402,Gunsan,2020-04-01,TRUE,0,0,612,142,1530,648,0,0,86784
403,Gunsan,2020-04-01,FALSE,0,0,781,445,225,97,0,0,29376
404,Gunsan,2020-05-01,TRUE,0,0,596,135,1206,623,0,0,67597
405,Gunsan,2020-05-01,FALSE,0,0,544,406,203,238,0,0,23492
406,Mokpo,2018-01-01,TRUE,25410,1206,14,10,43,70,0,0,111448
407,Mokpo,2018-01-01,FALSE,0,0,0,0,0,0,0,0,0
408,Mokpo,2018-02-01,TRUE,20437,710,3,0,35,20,0,0,88085
409,Mokpo,2018-02-01,FALSE,0,0,0,15,21,20,0,0,935
410,Mokpo,2018-03-01,TRUE,24753,1162,0,0,40,25,0,0,105801
411,Mokpo,2018-03-01,FALSE,0,0,1,0,32,52,0,0,1447
412,Mokpo,2018-04-01,TRUE,25162,1557,2,0,42,30,0,0,113817
413,Mokpo,2018-04-01,FALSE,0,0,0,0,47,40,0,0,2092
414,Mokpo,2018-05-01,TRUE,18553,1914,53,0,45,50,0,0,80390
415,Mokpo,2018-05-01,FALSE,0,0,3,7,34,21,0,0,1518
416,Mokpo,2018-06-01,TRUE,16431,1730,1,0,81,40,0,0,73589
417,Mokpo,2018-06-01,FALSE,0,0,1,0,21,30,0,0,956
418,Mokpo,2018-07-01,TRUE,16640,1622,0,0,0,0,0,0,74633
419,Mokpo,2018-07-01,FALSE,0,0,0,3,72,181,0,0,3206
420,Mokpo,2018-08-01,TRUE,15852,5687,0,0,0,0,0,0,73643
421,Mokpo,2018-08-01,FALSE,0,0,0,0,73,60,0,0,3248
422,Mokpo,2018-09-01,TRUE,15124,5421,57,0,0,0,0,0,71794
423,Mokpo,2018-09-01,FALSE,0,0,0,0,35,0,0,0,1558
424,Mokpo,2018-10-01,TRUE,13572,2914,172,0,10,70,0,0,65247
425,Mokpo,2018-10-01,FALSE,0,0,9,0,106,70,0,0,4914
426,Mokpo,2018-11-01,TRUE,13698,3141,13,50,23,30,0,0,64315
427,Mokpo,2018-11-01,FALSE,0,0,5,10,35,1,0,0,1668
428,Mokpo,2018-12-01,TRUE,15725,1737,1,191,38,72,0,0,80915
429,Mokpo,2018-12-01,FALSE,0,0,0,0,35,0,0,0,1558
430,Mokpo,2019-01-01,TRUE,18887,1513,1,0,0,0,0,0,97439
431,Mokpo,2019-01-01,FALSE,0,0,1,8,46,30,0,0,2067
432,Mokpo,2019-02-01,TRUE,13110,572,0,0,20,90,0,0,66351
433,Mokpo,2019-02-01,FALSE,0,0,7,0,26,80,0,0,1273
434,Mokpo,2019-03-01,TRUE,18224,394,2,0,21,0,0,0,90175
435,Mokpo,2019-03-01,FALSE,0,0,446,0,363,40,0,0,25918
436,Mokpo,2019-04-01,TRUE,17538,426,0,0,0,0,0,0,83153
437,Mokpo,2019-04-01,FALSE,0,0,4,0,31,30,0,0,1467
438,Mokpo,2019-05-01,TRUE,13428,515,13,3,21,25,0,0,64630
439,Mokpo,2019-05-01,FALSE,0,0,0,0,40,25,0,0,1780
440,Mokpo,2019-06-01,TRUE,12144,511,12,8,24,20,0,0,57424
441,Mokpo,2019-06-01,FALSE,0,0,0,0,25,0,0,0,1113
442,Mokpo,2019-07-01,TRUE,11647,671,27,17,41,20,0,0,52527
443,Mokpo,2019-07-01,FALSE,0,0,5,0,50,65,0,0,2333
444,Mokpo,2019-08-01,TRUE,12660,991,0,36,21,30,0,0,57013
445,Mokpo,2019-08-01,FALSE,0,0,0,0,56,30,0,0,2491
446,Mokpo,2019-09-01,TRUE,10686,575,1,44,32,31,0,0,51746
447,Mokpo,2019-09-01,FALSE,0,0,0,0,40,50,0,0,1780
448,Mokpo,2019-10-01,TRUE,13327,539,0,40,32,30,0,0,65118
449,Mokpo,2019-10-01,FALSE,0,0,5,0,122,30,0,0,5507
450,Mokpo,2019-11-01,TRUE,13517,541,0,64,43,20,0,0,66869
451,Mokpo,2019-11-01,FALSE,0,0,5,0,35,30,0,0,1667
452,Mokpo,2019-12-01,TRUE,12955,526,2,76,37,60,0,0,62081
453,Mokpo,2019-12-01,FALSE,0,0,0,0,42,0,0,0,1868
454,Mokpo,2020-01-01,TRUE,13813,613,31,39,13,60,0,0,67093
455,Mokpo,2020-01-01,FALSE,0,0,0,0,16,20,0,0,707
456,Mokpo,2020-02-01,TRUE,12920,392,1,11,21,20,0,0,64692
457,Mokpo,2020-02-01,FALSE,0,0,1,15,50,20,0,0,2238
458,Mokpo,2020-03-01,TRUE,12709,1140,49,80,51,116,0,0,66517
459,Mokpo,2020-03-01,FALSE,0,0,0,0,30,30,0,0,1335
460,Mokpo,2020-04-01,TRUE,12029,1139,56,18,32,15,0,0,62072
461,Mokpo,2020-04-01,FALSE,0,0,1,0,42,40,0,0,1882
462,Mokpo,2020-05-01,TRUE,10037,1683,1,0,21,60,0,0,49705
463,Mokpo,2020-05-01,FALSE,0,0,0,0,44,10,0,0,1951
464,Gwangyang,2018-01-01,TRUE,0,0,7588,1072,4085,361,24,0,330280
465,Gwangyang,2018-01-01,FALSE,0,0,41714,11313,41890,9998,92,60,2530434
466,Gwangyang,2018-02-01,TRUE,0,0,7845,1305,3410,709,5,0,301138
467,Gwangyang,2018-02-01,FALSE,0,0,38923,14046,47769,6892,123,2,2792171
468,Gwangyang,2018-03-01,TRUE,0,0,8008,2142,3537,536,5,0,313121
469,Gwangyang,2018-03-01,FALSE,0,0,43745,15849,46882,11674,76,23,2940644
470,Gwangyang,2018-04-01,TRUE,0,0,9105,1479,4368,287,19,0,391242
471,Gwangyang,2018-04-01,FALSE,0,120,44639,9127,45624,14518,99,104,3995606
472,Gwangyang,2018-05-01,TRUE,0,0,9333,1211,4057,739,6,0,384127
473,Gwangyang,2018-05-01,FALSE,0,0,46353,16502,46659,14043,95,108,4369785
474,Gwangyang,2018-06-01,TRUE,0,0,7455,1512,3301,448,7,0,816091
475,Gwangyang,2018-06-01,FALSE,0,0,46684,14901,50725,9997,83,25,3391872
476,Gwangyang,2018-07-01,TRUE,0,0,7901,1096,3294,624,0,0,431753
477,Gwangyang,2018-07-01,FALSE,0,0,47424,12605,50075,11294,64,142,3902644
478,Gwangyang,2018-08-01,TRUE,0,0,8469,2263,4097,1062,0,0,339481
479,Gwangyang,2018-08-01,FALSE,0,0,45082,13248,50642,14226,91,49,3353013
480,Gwangyang,2018-09-01,TRUE,0,0,8296,1667,4933,1225,0,0,377069
481,Gwangyang,2018-09-01,FALSE,0,0,43246,10420,52140,12514,124,125,3403133
482,Gwangyang,2018-10-01,TRUE,0,0,8594,1290,6393,1686,9,0,495720
483,Gwangyang,2018-10-01,FALSE,0,0,44703,13875,53588,10397,202,20,3127518
484,Gwangyang,2018-11-01,TRUE,0,0,8297,1638,6405,2283,16,0,506381
485,Gwangyang,2018-11-01,FALSE,0,0,41933,15085,50104,10787,93,7,3006541
486,Gwangyang,2018-12-01,TRUE,0,0,8367,1674,6255,2277,4,10,517559
487,Gwangyang,2018-12-01,FALSE,0,0,42713,15353,53876,15672,81,66,3576190
488,Gwangyang,2019-01-01,TRUE,0,0,8856,1347,6109,2992,1,0,483166
489,Gwangyang,2019-01-01,FALSE,0,0,42037,9962,46009,11254,208,32,2847005
490,Gwangyang,2019-02-01,TRUE,0,0,7367,1781,5726,2308,1,0,441452
491,Gwangyang,2019-02-01,FALSE,0,0,38688,8922,51259,10072,354,132,3921930
492,Gwangyang,2019-03-01,TRUE,0,0,9481,2053,7258,2563,0,0,482407
493,Gwangyang,2019-03-01,FALSE,0,0,50835,9792,56609,9727,67,33,4898313
494,Gwangyang,2019-04-01,TRUE,0,0,8990,2484,7056,1933,1,0,478696
495,Gwangyang,2019-04-01,FALSE,0,0,46091,8550,49685,9373,123,60,3066411
496,Gwangyang,2019-05-01,TRUE,0,0,8204,3461,7087,2052,3,0,488532
497,Gwangyang,2019-05-01,FALSE,0,0,46409,12177,47542,13953,72,163,3052973
498,Gwangyang,2019-06-01,TRUE,0,0,6693,2276,5636,1334,1,0,812908
499,Gwangyang,2019-06-01,FALSE,0,0,46383,11051,47793,15904,152,140,3485843
500,Gwangyang,2019-07-01,TRUE,0,0,7898,1850,5464,1843,0,0,382932
501,Gwangyang,2019-07-01,FALSE,0,0,43918,11849,48805,8826,254,21,3029640
502,Gwangyang,2019-08-01,TRUE,0,0,8932,1967,5185,2236,0,0,393477
503,Gwangyang,2019-08-01,FALSE,0,0,41389,12481,46436,10590,51,8,3990808
504,Gwangyang,2019-09-01,TRUE,0,0,7931,1827,4726,835,1,0,486025
505,Gwangyang,2019-09-01,FALSE,0,0,41204,10991,39056,10050,52,0,2552026
506,Gwangyang,2019-10-01,TRUE,0,0,9188,1206,4836,847,0,0,506164
507,Gwangyang,2019-10-01,FALSE,0,0,42316,12790,49377,9531,76,24,3270828
508,Gwangyang,2019-11-01,TRUE,0,0,10101,1973,5377,1612,2,0,524708
509,Gwangyang,2019-11-01,FALSE,0,0,40112,13889,43638,11205,29,163,2867308
510,Gwangyang,2019-12-01,TRUE,0,0,8614,2422,5112,1961,3,0,627857
511,Gwangyang,2019-12-01,FALSE,0,0,42253,12148,40939,15279,4,79,4906394
512,Gwangyang,2020-01-01,TRUE,0,0,7897,2361,4294,2239,1,0,325422
513,Gwangyang,2020-01-01,FALSE,0,0,37675,10295,37189,10799,84,11,2340278
514,Gwangyang,2020-02-01,TRUE,0,0,7161,2634,4581,1893,0,0,319360
515,Gwangyang,2020-02-01,FALSE,0,0,37310,14110,42707,13786,80,60,2655430
516,Gwangyang,2020-03-01,TRUE,0,0,8215,2015,4944,1620,0,0,361640
517,Gwangyang,2020-03-01,FALSE,0,0,42760,13881,44021,14585,120,74,2662016
518,Gwangyang,2020-04-01,TRUE,0,0,7792,2328,5282,2377,0,0,365198
519,Gwangyang,2020-04-01,FALSE,0,0,39367,13085,39023,12478,39,188,2391348
520,Gwangyang,2020-05-01,TRUE,0,0,10616,2238,7254,3282,1,0,503542
521,Gwangyang,2020-05-01,FALSE,0,0,37597,12069,35562,13832,40,16,2179756
522,Pohang,2018-01-01,TRUE,0,0,2825,503,583,348,0,0,89111
523,Pohang,2018-01-01,FALSE,0,0,1682,516,630,704,0,0,70121
524,Pohang,2018-02-01,TRUE,0,0,2318,451,683,315,0,0,75496
525,Pohang,2018-02-01,FALSE,0,0,1582,340,584,301,0,0,64380
526,Pohang,2018-03-01,TRUE,0,0,2425,325,641,337,0,7,75010
527,Pohang,2018-03-01,FALSE,0,0,1795,1065,524,650,0,0,63317
528,Pohang,2018-04-01,TRUE,0,0,2459,613,882,352,0,2,84208
529,Pohang,2018-04-01,FALSE,0,0,1362,378,586,540,9,0,59324
530,Pohang,2018-05-01,TRUE,0,0,2799,449,639,340,6,6,85821
531,Pohang,2018-05-01,FALSE,0,0,1347,634,562,643,0,0,57588
532,Pohang,2018-06-01,TRUE,0,0,2346,1024,662,338,0,0,76864
533,Pohang,2018-06-01,FALSE,0,0,1282,576,453,235,0,0,50780
534,Pohang,2018-07-01,TRUE,0,0,2561,290,809,516,0,0,91050
535,Pohang,2018-07-01,FALSE,0,0,1408,661,782,714,0,0,71426
536,Pohang,2018-08-01,TRUE,0,0,1589,285,609,273,0,0,59141
537,Pohang,2018-08-01,FALSE,0,0,2161,1216,616,564,0,0,76149
538,Pohang,2018-09-01,TRUE,0,0,2482,427,776,537,0,0,83912
539,Pohang,2018-09-01,FALSE,0,0,880,345,525,324,0,0,46504
540,Pohang,2018-10-01,TRUE,0,0,2390,576,1015,384,0,0,97252
541,Pohang,2018-10-01,FALSE,0,0,1555,1271,688,793,0,0,69372
542,Pohang,2018-11-01,TRUE,0,0,2033,443,963,750,0,0,84029
543,Pohang,2018-11-01,FALSE,0,0,1180,541,767,637,0,0,66837
544,Pohang,2018-12-01,TRUE,0,0,2823,509,579,284,9,9,81514
545,Pohang,2018-12-01,FALSE,0,0,2001,775,435,399,0,0,64480
546,Pohang,2019-01-01,TRUE,0,0,3255,726,713,459,0,0,98100
547,Pohang,2019-01-01,FALSE,0,0,1888,700,743,532,0,0,80274
548,Pohang,2019-02-01,TRUE,0,0,2035,418,757,574,0,0,74859
549,Pohang,2019-02-01,FALSE,0,0,1839,355,597,199,0,0,72183
550,Pohang,2019-03-01,TRUE,0,0,2553,391,988,424,0,0,98401
551,Pohang,2019-03-01,FALSE,0,0,1799,611,510,361,0,0,64851
552,Pohang,2019-04-01,TRUE,0,0,2527,407,848,549,0,0,88808
553,Pohang,2019-04-01,FALSE,0,0,1290,654,535,568,0,0,56819
554,Pohang,2019-05-01,TRUE,0,0,2297,339,818,541,0,0,83833
555,Pohang,2019-05-01,FALSE,0,0,2161,872,661,613,0,0,79374
556,Pohang,2019-06-01,TRUE,0,0,2366,275,1104,615,0,10,100622
557,Pohang,2019-06-01,FALSE,0,0,1649,333,554,312,0,0,64184
558,Pohang,2019-07-01,TRUE,0,0,2617,518,894,662,6,17,96084
559,Pohang,2019-07-01,FALSE,0,0,2004,913,546,750,4,0,71020
560,Pohang,2019-08-01,TRUE,0,0,2621,380,317,263,0,0,64772
561,Pohang,2019-08-01,FALSE,0,0,1082,973,1189,709,10,0,85230
562,Pohang,2019-09-01,TRUE,0,0,2465,280,939,190,1,0,97544
563,Pohang,2019-09-01,FALSE,0,0,707,467,598,660,0,0,43404
564,Pohang,2019-10-01,TRUE,0,0,2863,12,622,229,0,6,86477
565,Pohang,2019-10-01,FALSE,0,0,752,51,926,845,0,0,64184
566,Pohang,2019-11-01,TRUE,0,0,1750,525,688,161,0,0,69326
567,Pohang,2019-11-01,FALSE,0,0,2011,1090,886,938,0,0,87811
568,Pohang,2019-12-01,TRUE,0,0,3121,231,518,197,0,0,87295
569,Pohang,2019-12-01,FALSE,0,0,1411,550,442,589,0,0,39178
570,Pohang,2020-01-01,TRUE,0,0,1453,492,509,105,0,0,57541
571,Pohang,2020-01-01,FALSE,0,0,1742,474,489,457,0,0,61804
572,Pohang,2020-02-01,TRUE,0,0,2742,167,826,348,0,0,98296
573,Pohang,2020-02-01,FALSE,0,0,1707,227,871,397,0,0,80338
574,Pohang,2020-03-01,TRUE,0,0,3091,424,623,418,0,0,90282
575,Pohang,2020-03-01,FALSE,0,0,1347,472,673,844,0,0,65481
576,Pohang,2020-04-01,TRUE,0,0,2161,223,617,536,0,0,71970
577,Pohang,2020-04-01,FALSE,0,0,764,176,372,233,0,0,37140
578,Pohang,2020-05-01,TRUE,0,0,1847,148,72,1,0,0,41181
579,Pohang,2020-05-01,FALSE,0,0,871,93,24,5,0,0,19158
580,Masan,2018-01-01,TRUE,13,21,116,122,469,110,0,0,17481
581,Masan,2018-01-01,FALSE,3,0,11,11,17,11,0,0,843
582,Masan,2018-02-01,TRUE,22,11,101,183,430,111,0,0,15798
583,Masan,2018-02-01,FALSE,0,0,0,0,0,0,0,0,0
584,Masan,2018-03-01,TRUE,23,26,212,143,538,108,0,0,22010
585,Masan,2018-03-01,FALSE,0,0,0,0,0,0,0,0,0
586,Masan,2018-04-01,TRUE,14,1,172,210,572,159,0,0,21506
587,Masan,2018-04-01,FALSE,0,45,2,22,0,91,0,0,31
588,Masan,2018-05-01,TRUE,0,0,230,214,703,262,0,0,27133
589,Masan,2018-05-01,FALSE,0,0,0,0,0,0,0,0,0
590,Masan,2018-06-01,TRUE,0,0,159,173,605,76,0,0,21442
591,Masan,2018-06-01,FALSE,0,0,0,0,0,0,0,0,0
592,Masan,2018-07-01,TRUE,0,0,163,156,564,143,0,0,20667
593,Masan,2018-07-01,FALSE,0,0,0,0,0,0,0,0,0
594,Masan,2018-08-01,TRUE,0,0,89,113,505,73,0,0,17637
595,Masan,2018-08-01,FALSE,0,0,0,0,0,0,0,0,0
596,Masan,2018-09-01,TRUE,0,0,140,190,614,117,0,0,22531
597,Masan,2018-09-01,FALSE,0,0,2,0,0,0,0,0,21
598,Masan,2018-10-01,TRUE,0,0,80,151,633,220,0,0,20783
599,Masan,2018-10-01,FALSE,0,0,0,0,0,0,0,0,0
600,Masan,2018-11-01,TRUE,6,3,142,135,462,56,0,0,17059
601,Masan,2018-11-01,FALSE,0,0,5,0,0,0,0,0,68
602,Masan,2018-12-01,TRUE,21,9,113,147,538,124,0,0,17935
603,Masan,2018-12-01,FALSE,0,0,0,0,0,0,0,0,0
604,Masan,2019-01-01,TRUE,34,42,104,198,365,133,0,0,14546
605,Masan,2019-01-01,FALSE,0,0,0,0,0,0,0,0,0
606,Masan,2019-02-01,TRUE,20,33,125,93,389,138,0,0,15376
607,Masan,2019-02-01,FALSE,0,0,0,0,0,0,0,0,0
608,Masan,2019-03-01,TRUE,39,24,142,127,499,94,0,0,19109
609,Masan,2019-03-01,FALSE,0,0,0,0,0,0,0,0,0
610,Masan,2019-04-01,TRUE,9,30,81,51,461,129,0,0,15532
611,Masan,2019-04-01,FALSE,0,0,0,0,0,0,0,0,0
612,Masan,2019-05-01,TRUE,0,0,123,109,566,246,0,0,20832
613,Masan,2019-05-01,FALSE,0,0,0,12,4,0,0,0,0
614,Masan,2019-06-01,TRUE,0,5,175,135,427,101,0,0,17188
615,Masan,2019-06-01,FALSE,0,0,0,22,0,3,0,0,0
616,Masan,2019-07-01,TRUE,0,0,100,108,376,113,0,0,14787
617,Masan,2019-07-01,FALSE,0,0,42,16,0,0,0,0,579
618,Masan,2019-08-01,TRUE,0,0,53,58,306,49,0,0,11484
619,Masan,2019-08-01,FALSE,0,0,0,12,0,0,0,0,0
620,Masan,2019-09-01,TRUE,0,0,48,60,234,1,0,0,8410
621,Masan,2019-09-01,FALSE,0,0,1,0,0,2,0,0,3
622,Masan,2019-10-01,TRUE,0,0,61,109,299,0,0,0,10408
623,Masan,2019-10-01,FALSE,0,0,10,0,0,0,0,0,148
624,Masan,2019-11-01,TRUE,3,0,96,42,219,31,0,0,8665
625,Masan,2019-11-01,FALSE,0,0,0,0,0,0,0,0,0
626,Masan,2019-12-01,TRUE,4,0,80,56,262,61,0,0,10097
627,Masan,2019-12-01,FALSE,6,0,33,20,19,42,0,0,1391
628,Masan,2020-01-01,TRUE,0,12,82,136,277,44,0,0,10173
629,Masan,2020-01-01,FALSE,0,0,17,0,3,0,0,0,395
630,Masan,2020-02-01,TRUE,0,0,91,122,278,41,0,0,10063
631,Masan,2020-02-01,FALSE,0,0,18,10,8,1,0,0,590
632,Masan,2020-03-01,TRUE,7,0,110,162,280,48,0,0,10852
633,Masan,2020-03-01,FALSE,3,0,19,22,8,1,0,0,617
634,Masan,2020-04-01,TRUE,4,15,111,121,276,213,0,0,11037
635,Masan,2020-04-01,FALSE,0,0,0,0,0,1,0,0,0
636,Masan,2020-05-01,TRUE,0,0,101,133,283,195,0,0,11857
637,Masan,2020-05-01,FALSE,0,0,0,0,8,0,0,0,159
638,Ulsan,2018-01-01,TRUE,0,0,6228,3289,1154,1022,0,0,176927
639,Ulsan,2018-01-01,FALSE,0,0,10411,6724,2301,1876,0,0,316279
640,Ulsan,2018-02-01,TRUE,0,0,5931,3048,971,994,0,0,167950
641,Ulsan,2018-02-01,FALSE,0,0,8497,6142,2213,1815,0,0,272276
642,Ulsan,2018-03-01,TRUE,0,0,6054,2303,1056,738,0,0,167903
643,Ulsan,2018-03-01,FALSE,0,0,10737,6411,3422,2438,0,0,371517
644,Ulsan,2018-04-01,TRUE,0,0,4987,3009,799,637,0,0,137762
645,Ulsan,2018-04-01,FALSE,0,0,11626,7686,3445,3083,0,0,398019
646,Ulsan,2018-05-01,TRUE,0,0,6212,2466,852,325,0,0,162176
647,Ulsan,2018-05-01,FALSE,0,0,11120,6325,2708,1815,0,0,469462
648,Ulsan,2018-06-01,TRUE,0,0,4982,3417,714,574,0,0,131654
649,Ulsan,2018-06-01,FALSE,0,0,11841,10313,3066,2117,0,0,820198
650,Ulsan,2018-07-01,TRUE,0,0,4328,2233,564,590,0,0,113227
651,Ulsan,2018-07-01,FALSE,0,0,12210,7831,2983,2630,0,0,388232
652,Ulsan,2018-08-01,TRUE,0,0,4691,3754,713,580,0,0,178102
653,Ulsan,2018-08-01,FALSE,0,0,12233,7588,2819,1938,0,0,566542
654,Ulsan,2018-09-01,TRUE,0,0,6271,3428,882,971,0,0,165669
655,Ulsan,2018-09-01,FALSE,0,0,10163,6127,3087,2869,0,0,341711
656,Ulsan,2018-10-01,TRUE,0,0,7952,5247,1138,607,0,0,212435
657,Ulsan,2018-10-01,FALSE,0,0,10084,6794,2788,2781,0,0,334787
658,Ulsan,2018-11-01,TRUE,0,0,6682,3706,883,403,0,0,198369
659,Ulsan,2018-11-01,FALSE,0,0,9146,7188,2898,2370,0,0,319263
660,Ulsan,2018-12-01,TRUE,0,0,6681,4615,987,298,0,0,175166
661,Ulsan,2018-12-01,FALSE,0,0,9648,7018,3084,3186,0,0,1004675
662,Ulsan,2019-01-01,TRUE,0,0,5587,2890,608,152,0,0,139272
663,Ulsan,2019-01-01,FALSE,0,0,9475,6793,3145,3113,0,0,697983
664,Ulsan,2019-02-01,TRUE,0,0,5858,3117,968,580,0,0,166633
665,Ulsan,2019-02-01,FALSE,0,0,10497,6516,3055,2176,0,0,354287
666,Ulsan,2019-03-01,TRUE,0,0,6281,3387,929,530,0,0,560983
667,Ulsan,2019-03-01,FALSE,0,0,11352,7347,3285,3270,0,0,382688
668,Ulsan,2019-04-01,TRUE,0,0,5586,3520,1198,769,0,0,161354
669,Ulsan,2019-04-01,FALSE,0,0,10973,7193,3440,3176,0,0,384175
670,Ulsan,2019-05-01,TRUE,0,0,3895,3629,940,917,0,0,118672
671,Ulsan,2019-05-01,FALSE,0,0,12690,7312,3434,2723,0,0,419580
672,Ulsan,2019-06-01,TRUE,0,0,4524,2056,787,561,0,0,126273
673,Ulsan,2019-06-01,FALSE,0,0,14207,8356,3584,2978,0,0,534313
674,Ulsan,2019-07-01,TRUE,0,0,5757,3509,1107,743,0,0,165124
675,Ulsan,2019-07-01,FALSE,0,0,12505,8522,3346,2587,0,0,406041
676,Ulsan,2019-08-01,TRUE,0,0,6730,3382,1021,892,0,0,183150
677,Ulsan,2019-08-01,FALSE,0,0,12132,7237,3080,2665,0,0,388133
678,Ulsan,2019-09-01,TRUE,0,0,7831,3485,1109,950,0,0,232933
679,Ulsan,2019-09-01,FALSE,0,0,9939,6659,3005,3091,0,0,346005
680,Ulsan,2019-10-01,TRUE,0,0,7332,2526,1107,294,0,0,195970
681,Ulsan,2019-10-01,FALSE,0,0,10788,7522,3076,2263,0,0,359370
682,Ulsan,2019-11-01,TRUE,0,0,6078,2887,1150,617,0,0,172954
683,Ulsan,2019-11-01,FALSE,0,0,9908,5243,3076,2807,0,0,339657
684,Ulsan,2019-12-01,TRUE,0,0,6796,4855,889,832,0,0,180899
685,Ulsan,2019-12-01,FALSE,0,0,11955,6405,3370,2718,0,0,394088
686,Ulsan,2020-01-01,TRUE,0,0,4530,3006,625,565,0,0,123318
687,Ulsan,2020-01-01,FALSE,0,0,8980,5966,2769,3034,0,0,313145
688,Ulsan,2020-02-01,TRUE,0,0,6700,4038,714,384,0,0,171424
689,Ulsan,2020-02-01,FALSE,0,0,12799,9000,3069,2295,0,0,402930
690,Ulsan,2020-03-01,TRUE,0,0,5129,3014,642,599,0,0,133327
691,Ulsan,2020-03-01,FALSE,0,0,12136,7000,3203,2300,0,0,388969
692,Ulsan,2020-04-01,TRUE,0,0,6065,3147,686,822,0,0,152964
693,Ulsan,2020-04-01,FALSE,0,0,11019,8799,2607,2273,0,0,336546
694,Ulsan,2020-05-01,TRUE,0,0,6658,4960,877,457,0,0,172761
695,Ulsan,2020-05-01,FALSE,0,0,12788,10519,3870,2678,0,0,423588
